-- phpMyAdmin SQL Dump
-- version 5.2.1
-- https://www.phpmyadmin.net/
--
-- Host: 127.0.0.1
-- Generation Time: Dec 21, 2025 at 03:54 PM
-- Server version: 10.4.32-MariaDB
-- PHP Version: 8.2.12

SET SQL_MODE = "NO_AUTO_VALUE_ON_ZERO";
START TRANSACTION;
SET time_zone = "+00:00";


/*!40101 SET @OLD_CHARACTER_SET_CLIENT=@@CHARACTER_SET_CLIENT */;
/*!40101 SET @OLD_CHARACTER_SET_RESULTS=@@CHARACTER_SET_RESULTS */;
/*!40101 SET @OLD_COLLATION_CONNECTION=@@COLLATION_CONNECTION */;
/*!40101 SET NAMES utf8mb4 */;

--
-- Database: `kompa`
--

-- --------------------------------------------------------

--
-- Table structure for table `dday`
--

CREATE TABLE `dday` (
  `id_day` int(11) NOT NULL,
  `id_seat` int(11) NOT NULL,
  `id_visitor` int(11) NOT NULL,
  `record_timestamp` datetime NOT NULL,
  `isDone` tinyint(1) NOT NULL
) ENGINE=InnoDB DEFAULT CHARSET=utf8mb4 COLLATE=utf8mb4_general_ci;

--
-- Dumping data for table `dday`
--

INSERT INTO `dday` (`id_day`, `id_seat`, `id_visitor`, `record_timestamp`, `isDone`) VALUES
(4, 101, 2, '2025-11-29 13:13:06', 1),
(5, 102, 2, '2025-11-29 13:13:06', 1),
(6, 103, 2, '2025-11-29 13:13:06', 1),
(9, 3, 4, '2025-11-29 16:26:20', 1),
(10, 4, 4, '2025-11-29 16:26:20', 1),
(11, 5, 4, '2025-11-29 16:26:20', 1),
(15, 6, 6, '2025-11-29 17:11:48', 1),
(16, 7, 6, '2025-11-29 17:11:48', 1),
(17, 8, 6, '2025-11-29 17:11:48', 1),
(18, 1, 7, '2025-11-29 17:12:24', 0),
(19, 2, 7, '2025-11-29 17:12:24', 0),
(20, 3, 7, '2025-11-29 17:12:24', 0),
(21, 18, 7, '2025-11-29 17:12:24', 0),
(22, 34, 7, '2025-11-29 17:12:24', 0),
(23, 50, 7, '2025-11-29 17:12:24', 0),
(24, 5, 7, '2025-11-29 17:12:24', 0),
(25, 6, 7, '2025-11-29 17:12:24', 0),
(26, 7, 7, '2025-11-29 17:12:24', 0),
(27, 22, 7, '2025-11-29 17:12:24', 0),
(28, 38, 7, '2025-11-29 17:12:24', 0),
(29, 54, 7, '2025-11-29 17:12:24', 0),
(30, 69, 7, '2025-11-29 17:12:24', 0),
(31, 70, 7, '2025-11-29 17:12:24', 0),
(32, 71, 7, '2025-11-29 17:12:24', 0),
(33, 66, 7, '2025-11-29 17:12:24', 0),
(34, 9, 7, '2025-11-29 17:12:24', 0),
(35, 25, 7, '2025-11-29 17:12:24', 0),
(36, 41, 7, '2025-11-29 17:12:24', 0),
(37, 73, 7, '2025-11-29 17:12:24', 0),
(38, 57, 7, '2025-11-29 17:12:24', 0),
(39, 10, 7, '2025-11-29 17:12:24', 0),
(40, 11, 7, '2025-11-29 17:12:24', 0),
(41, 28, 7, '2025-11-29 17:12:24', 0),
(42, 43, 7, '2025-11-29 17:12:24', 0),
(43, 42, 7, '2025-11-29 17:12:24', 0),
(44, 59, 7, '2025-11-29 17:12:24', 0),
(45, 76, 7, '2025-11-29 17:12:24', 0),
(46, 15, 7, '2025-11-29 17:12:24', 0),
(47, 31, 7, '2025-11-29 17:12:24', 0),
(48, 47, 7, '2025-11-29 17:12:24', 0),
(49, 63, 7, '2025-11-29 17:12:24', 0),
(50, 79, 7, '2025-11-29 17:12:24', 0),
(51, 14, 7, '2025-11-29 17:12:24', 0),
(52, 16, 7, '2025-11-29 17:12:24', 0),
(53, 146, 8, '2025-11-29 17:12:48', 0),
(54, 130, 8, '2025-11-29 17:12:48', 0),
(55, 115, 8, '2025-11-29 17:12:48', 0),
(56, 84, 8, '2025-11-29 17:12:48', 0),
(57, 99, 8, '2025-11-29 17:12:48', 0),
(58, 101, 8, '2025-11-29 17:12:48', 0),
(59, 117, 8, '2025-11-29 17:12:48', 0),
(60, 134, 8, '2025-11-29 17:12:48', 0),
(61, 150, 8, '2025-11-29 17:12:48', 0),
(62, 116, 8, '2025-11-29 17:12:48', 0),
(75, 52, 9, '2025-11-29 17:16:26', 0),
(76, 35, 9, '2025-11-29 17:16:26', 0),
(77, 160, 9, '2025-11-29 17:16:26', 0),
(78, 159, 9, '2025-11-29 17:16:26', 0),
(79, 158, 9, '2025-11-29 17:16:26', 0),
(80, 157, 9, '2025-11-29 17:16:26', 0),
(81, 156, 9, '2025-11-29 17:16:26', 0),
(82, 140, 9, '2025-11-29 17:16:26', 0),
(83, 124, 9, '2025-11-29 17:16:26', 0),
(84, 108, 9, '2025-11-29 17:16:26', 0),
(85, 109, 9, '2025-11-29 17:16:26', 0),
(86, 110, 9, '2025-11-29 17:16:26', 0),
(87, 111, 9, '2025-11-29 17:16:26', 0),
(88, 112, 9, '2025-11-29 17:16:26', 0),
(89, 75, 10, '2025-11-29 17:24:54', 0),
(123, 14, 13, '2025-11-30 09:22:04', 1),
(124, 15, 13, '2025-11-30 09:22:04', 1),
(125, 16, 13, '2025-11-30 09:22:04', 1),
(128, 30, 13, '2025-11-30 09:22:04', 1),
(129, 13, 14, '2025-11-30 09:22:45', 1),
(130, 12, 14, '2025-11-30 09:22:45', 1),
(131, 11, 14, '2025-11-30 09:22:45', 1),
(132, 27, 15, '2025-11-30 09:26:44', 1),
(133, 28, 15, '2025-11-30 09:26:44', 1),
(135, 63, 16, '2025-11-30 09:27:22', 1),
(136, 64, 17, '2025-11-30 09:27:43', 1),
(138, 112, 19, '2025-11-30 09:31:30', 1),
(139, 128, 20, '2025-11-30 09:33:30', 1),
(141, 111, 22, '2025-11-30 09:46:58', 1),
(142, 111, 23, '2025-11-30 09:46:58', 1),
(143, 109, 24, '2025-11-30 09:47:28', 1),
(144, 110, 24, '2025-11-30 09:47:28', 1),
(145, 108, 24, '2025-11-30 09:47:28', 1),
(146, 79, 25, '2025-11-30 09:49:41', 1),
(148, 25, 27, '2025-11-30 09:57:06', 1),
(149, 127, 28, '2025-11-30 10:01:31', 1),
(150, 76, 29, '2025-11-30 10:05:32', 1),
(151, 121, 30, '2025-11-30 10:06:00', 1),
(152, 120, 31, '2025-11-30 10:07:30', 1),
(153, 113, 32, '2025-11-30 10:08:57', 1),
(154, 26, 33, '2025-11-30 10:15:00', 1),
(155, 8, 34, '2025-11-30 10:17:46', 1),
(156, 7, 34, '2025-11-30 10:17:46', 1),
(157, 40, 35, '2025-11-30 10:22:41', 1),
(158, 66, 36, '2025-11-30 10:27:18', 1),
(159, 97, 37, '2025-11-30 10:28:23', 1),
(160, 95, 38, '2025-11-30 10:29:05', 1),
(161, 96, 38, '2025-11-30 10:29:05', 1),
(162, 86, 39, '2025-11-30 10:31:41', 1),
(163, 103, 40, '2025-11-30 10:32:23', 1),
(164, 104, 40, '2025-11-30 10:32:23', 1),
(165, 87, 41, '2025-11-30 10:34:19', 1),
(166, 102, 42, '2025-11-30 10:34:31', 1),
(167, 101, 42, '2025-11-30 10:34:31', 1),
(168, 71, 43, '2025-11-30 10:35:10', 1),
(169, 88, 44, '2025-11-30 10:35:37', 1),
(170, 32, 45, '2025-11-30 10:36:14', 1),
(171, 118, 46, '2025-11-30 10:38:18', 1),
(172, 85, 47, '2025-11-30 10:39:49', 1),
(173, 117, 48, '2025-11-30 10:40:22', 1),
(174, 25, 49, '2025-12-06 22:27:58', 0),
(175, 26, 49, '2025-12-06 22:27:58', 0),
(210, 62, 54, '2025-12-07 10:12:32', 1),
(211, 72, 55, '2025-12-07 10:14:28', 1),
(212, 96, 56, '2025-12-07 10:15:27', 1),
(213, 124, 57, '2025-12-07 10:15:41', 1),
(214, 88, 58, '2025-12-07 10:15:50', 1),
(215, 32, 59, '2025-12-07 10:16:02', 1),
(216, 105, 60, '2025-12-07 10:17:02', 1),
(217, 106, 60, '2025-12-07 10:17:02', 1),
(218, 107, 60, '2025-12-07 10:17:02', 1),
(219, 89, 61, '2025-12-07 10:17:56', 1),
(220, 90, 61, '2025-12-07 10:17:56', 1),
(221, 91, 61, '2025-12-07 10:17:56', 1),
(222, 87, 62, '2025-12-07 10:19:16', 1),
(223, 112, 63, '2025-12-07 10:21:47', 1),
(224, 92, 64, '2025-12-07 10:22:20', 1),
(225, 93, 64, '2025-12-07 10:22:20', 1),
(226, 94, 65, '2025-12-07 10:22:44', 1),
(227, 120, 66, '2025-12-07 10:23:13', 1),
(228, 119, 66, '2025-12-07 10:23:13', 1),
(229, 113, 67, '2025-12-07 10:23:34', 1),
(230, 128, 68, '2025-12-07 10:23:47', 1),
(231, 60, 69, '2025-12-07 10:25:18', 1),
(232, 85, 70, '2025-12-07 10:28:10', 1),
(233, 99, 71, '2025-12-07 10:29:21', 1),
(234, 100, 71, '2025-12-07 10:29:21', 1),
(235, 104, 72, '2025-12-07 10:29:55', 1),
(236, 108, 73, '2025-12-07 10:31:35', 1),
(237, 58, 74, '2025-12-07 10:33:24', 1),
(238, 73, 75, '2025-12-07 10:33:56', 1),
(239, 74, 75, '2025-12-07 10:33:56', 1),
(240, 109, 76, '2025-12-07 10:34:26', 1),
(241, 48, 77, '2025-12-07 10:34:52', 1),
(242, 81, 78, '2025-12-07 10:39:23', 1),
(243, 97, 79, '2025-12-07 10:40:14', 1),
(244, 127, 80, '2025-12-07 10:42:28', 1),
(245, 103, 81, '2025-12-07 10:42:52', 1),
(246, 107, 82, '2025-12-11 20:00:43', 0),
(249, 108, 82, '2025-12-11 20:00:43', 0),
(250, 57, 83, '2025-12-11 20:01:19', 0),
(251, 58, 83, '2025-12-11 20:01:19', 0),
(252, 59, 83, '2025-12-11 20:01:19', 0),
(285, 127, 85, '2025-12-14 10:03:02', 1),
(286, 128, 85, '2025-12-14 10:03:02', 1),
(288, 94, 87, '2025-12-14 10:04:23', 1),
(289, 113, 88, '2025-12-14 10:05:28', 1),
(290, 114, 88, '2025-12-14 10:05:28', 1),
(291, 100, 89, '2025-12-14 10:09:15', 1),
(292, 101, 89, '2025-12-14 10:09:15', 1),
(293, 31, 90, '2025-12-14 10:13:30', 1),
(294, 40, 91, '2025-12-14 10:13:41', 1),
(295, 115, 92, '2025-12-14 10:15:03', 1),
(296, 116, 92, '2025-12-14 10:15:03', 1),
(297, 121, 93, '2025-12-14 10:15:27', 1),
(298, 122, 93, '2025-12-14 10:15:27', 1),
(299, 123, 93, '2025-12-14 10:15:27', 1),
(300, 112, 94, '2025-12-14 10:16:12', 1),
(301, 120, 95, '2025-12-14 10:17:34', 1),
(302, 117, 95, '2025-12-14 10:17:34', 1),
(303, 118, 95, '2025-12-14 10:17:34', 1),
(304, 119, 95, '2025-12-14 10:17:34', 1),
(305, 97, 96, '2025-12-14 10:17:51', 1),
(306, 48, 97, '2025-12-14 10:18:13', 1),
(307, 63, 98, '2025-12-14 10:20:07', 1),
(308, 126, 99, '2025-12-14 10:21:48', 1),
(309, 96, 100, '2025-12-14 10:23:59', 1),
(310, 111, 101, '2025-12-14 10:24:18', 1),
(311, 103, 102, '2025-12-14 10:24:31', 1),
(312, 104, 102, '2025-12-14 10:24:31', 1),
(313, 65, 103, '2025-12-14 10:25:13', 1),
(314, 66, 103, '2025-12-14 10:25:13', 1),
(315, 57, 104, '2025-12-14 10:27:40', 1),
(317, 98, 106, '2025-12-14 10:29:16', 1),
(318, 105, 107, '2025-12-14 10:30:46', 1),
(319, 70, 108, '2025-12-14 10:31:16', 1),
(320, 79, 109, '2025-12-14 10:31:28', 1),
(321, 108, 110, '2025-12-14 10:31:31', 1),
(322, 109, 110, '2025-12-14 10:31:31', 1),
(323, 110, 111, '2025-12-14 10:32:02', 1),
(324, 81, 112, '2025-12-14 10:32:34', 1),
(325, 49, 113, '2025-12-14 10:33:04', 1),
(326, 89, 114, '2025-12-14 10:35:21', 1),
(327, 124, 115, '2025-12-14 10:38:52', 1),
(328, 125, 115, '2025-12-14 10:38:52', 1),
(329, 80, 116, '2025-12-14 10:39:32', 1),
(330, 88, 117, '2025-12-14 10:39:48', 1),
(331, 83, 118, '2025-12-14 10:40:28', 1),
(332, 95, 119, '2025-12-14 10:40:51', 1),
(333, 71, 120, '2025-12-14 10:41:17', 1),
(334, 72, 120, '2025-12-14 10:41:17', 1),
(336, 4, 122, '2025-12-19 23:57:14', 0),
(337, 5, 122, '2025-12-19 23:57:14', 0),
(339, 1, 124, '2025-12-20 21:56:50', 0),
(340, 2, 124, '2025-12-20 21:56:50', 0),
(341, 49, 125, '2025-12-20 21:57:06', 0),
(342, 50, 125, '2025-12-20 21:57:06', 0),
(343, 97, 126, '2025-12-20 21:57:18', 0),
(344, 98, 126, '2025-12-20 21:57:18', 0),
(345, 9, 127, '2025-12-20 21:57:41', 0),
(346, 26, 127, '2025-12-20 21:57:41', 0),
(347, 41, 127, '2025-12-20 21:57:41', 0),
(348, 58, 127, '2025-12-20 21:57:41', 0),
(349, 73, 127, '2025-12-20 21:57:41', 0),
(350, 90, 127, '2025-12-20 21:57:41', 0),
(351, 105, 127, '2025-12-20 21:57:41', 0),
(352, 137, 127, '2025-12-20 21:57:41', 0),
(353, 122, 127, '2025-12-20 21:57:41', 0),
(354, 154, 127, '2025-12-20 21:57:41', 0),
(355, 11, 128, '2025-12-20 21:57:52', 0),
(356, 28, 128, '2025-12-20 21:57:52', 0),
(357, 43, 128, '2025-12-20 21:57:52', 0),
(358, 60, 128, '2025-12-20 21:57:52', 0),
(359, 75, 128, '2025-12-20 21:57:52', 0),
(360, 92, 128, '2025-12-20 21:57:52', 0),
(361, 107, 128, '2025-12-20 21:57:52', 0),
(362, 124, 128, '2025-12-20 21:57:52', 0),
(363, 139, 128, '2025-12-20 21:57:52', 0),
(364, 156, 128, '2025-12-20 21:57:52', 0),
(365, 145, 129, '2025-12-20 22:09:41', 0),
(366, 146, 129, '2025-12-20 22:09:41', 0),
(367, 131, 130, '2025-12-20 22:09:46', 0),
(368, 115, 130, '2025-12-20 22:09:46', 0),
(369, 83, 130, '2025-12-20 22:09:46', 0),
(370, 67, 130, '2025-12-20 22:09:46', 0),
(371, 35, 130, '2025-12-20 22:09:46', 0),
(372, 19, 130, '2025-12-20 22:09:46', 0),
(373, 100, 131, '2025-12-20 22:09:54', 0),
(374, 101, 131, '2025-12-20 22:09:54', 0),
(375, 118, 131, '2025-12-20 22:09:54', 0),
(376, 134, 131, '2025-12-20 22:09:54', 0),
(377, 149, 131, '2025-12-20 22:09:54', 0),
(378, 148, 131, '2025-12-20 22:09:54', 0),
(379, 52, 132, '2025-12-20 22:10:59', 0),
(380, 53, 132, '2025-12-20 22:10:59', 0),
(381, 70, 132, '2025-12-20 22:10:59', 0),
(382, 86, 132, '2025-12-20 22:10:59', 0),
(383, 22, 133, '2025-12-20 22:11:33', 0),
(384, 38, 133, '2025-12-20 22:11:33', 0),
(385, 4, 134, '2025-12-20 22:12:10', 0),
(386, 5, 134, '2025-12-20 22:12:10', 0),
(422, 127, 139, '2025-12-21 10:04:12', 1),
(423, 128, 139, '2025-12-21 10:04:12', 1),
(424, 121, 139, '2025-12-21 10:04:12', 1),
(425, 122, 139, '2025-12-21 10:04:12', 1),
(426, 123, 139, '2025-12-21 10:04:12', 1),
(427, 124, 139, '2025-12-21 10:04:12', 1),
(428, 120, 139, '2025-12-21 10:04:12', 1),
(429, 104, 139, '2025-12-21 10:04:12', 1),
(431, 115, 139, '2025-12-21 10:04:12', 1),
(432, 116, 139, '2025-12-21 10:04:12', 1),
(433, 17, 139, '2025-12-21 10:04:12', 1),
(434, 81, 140, '2025-12-21 10:04:28', 1),
(435, 32, 141, '2025-12-21 10:04:48', 1),
(436, 30, 141, '2025-12-21 10:04:48', 1),
(437, 28, 141, '2025-12-21 10:04:48', 1),
(438, 75, 142, '2025-12-21 10:04:56', 1),
(439, 112, 143, '2025-12-21 10:05:54', 1),
(440, 111, 143, '2025-12-21 10:05:54', 1),
(441, 110, 143, '2025-12-21 10:05:54', 1),
(442, 109, 143, '2025-12-21 10:05:54', 1),
(443, 108, 143, '2025-12-21 10:05:54', 1),
(444, 55, 144, '2025-12-21 10:07:18', 1),
(445, 87, 145, '2025-12-21 10:08:34', 1),
(446, 88, 145, '2025-12-21 10:08:34', 1),
(447, 49, 146, '2025-12-21 10:14:08', 1),
(448, 2, 147, '2025-12-21 10:14:30', 1),
(449, 73, 148, '2025-12-21 10:16:07', 1),
(450, 105, 149, '2025-12-21 10:16:56', 1),
(451, 106, 149, '2025-12-21 10:16:56', 1),
(452, 60, 150, '2025-12-21 10:17:47', 1),
(453, 61, 150, '2025-12-21 10:17:47', 1),
(454, 62, 150, '2025-12-21 10:17:47', 1),
(455, 63, 150, '2025-12-21 10:17:47', 1),
(456, 64, 150, '2025-12-21 10:17:47', 1),
(457, 79, 151, '2025-12-21 10:17:58', 1),
(458, 80, 151, '2025-12-21 10:17:58', 1),
(459, 119, 152, '2025-12-21 10:18:37', 1),
(460, 89, 153, '2025-12-21 10:19:59', 1),
(461, 90, 153, '2025-12-21 10:19:59', 1),
(462, 57, 154, '2025-12-21 10:22:21', 1),
(463, 58, 154, '2025-12-21 10:22:21', 1),
(464, 59, 154, '2025-12-21 10:22:21', 1),
(465, 97, 155, '2025-12-21 10:22:46', 1),
(466, 107, 156, '2025-12-21 10:23:04', 1),
(467, 118, 157, '2025-12-21 10:26:50', 1),
(468, 102, 158, '2025-12-21 10:27:35', 1),
(469, 103, 158, '2025-12-21 10:27:35', 1),
(470, 1, 159, '2025-12-21 10:28:49', 1),
(471, 29, 160, '2025-12-21 10:30:30', 1),
(472, 31, 160, '2025-12-21 10:30:30', 1),
(473, 65, 161, '2025-12-21 10:31:35', 1),
(474, 113, 162, '2025-12-21 10:32:28', 1),
(475, 114, 162, '2025-12-21 10:32:28', 1),
(476, 4, 163, '2025-12-21 10:33:30', 1),
(477, 85, 164, '2025-12-21 10:33:45', 1),
(478, 96, 165, '2025-12-21 10:34:53', 1),
(479, 82, 166, '2025-12-21 10:35:04', 1),
(480, 33, 167, '2025-12-21 10:35:32', 1),
(481, 126, 168, '2025-12-21 10:36:56', 1),
(482, 78, 169, '2025-12-21 10:37:33', 1),
(483, 72, 170, '2025-12-21 10:37:49', 1),
(484, 71, 171, '2025-12-21 10:38:08', 1),
(485, 56, 172, '2025-12-21 10:38:32', 1),
(486, 54, 173, '2025-12-21 10:38:57', 1),
(487, 9, 174, '2025-12-21 10:39:29', 1),
(488, 86, 175, '2025-12-21 10:40:23', 1),
(489, 53, 176, '2025-12-21 10:42:40', 1),
(490, 83, 177, '2025-12-21 10:43:16', 1),
(491, 125, 178, '2025-12-21 11:10:39', 1);

-- --------------------------------------------------------

--
-- Table structure for table `seat`
--

CREATE TABLE `seat` (
  `id_seat` int(11) NOT NULL,
  `seat_name` varchar(50) NOT NULL,
  `isActive` tinyint(1) NOT NULL
) ENGINE=InnoDB DEFAULT CHARSET=utf8mb4 COLLATE=utf8mb4_general_ci;

--
-- Dumping data for table `seat`
--

INSERT INTO `seat` (`id_seat`, `seat_name`, `isActive`) VALUES
(1, 'A1', 1),
(2, 'A2', 1),
(3, 'A3', 1),
(4, 'A4', 1),
(5, 'A5', 1),
(6, 'A6', 1),
(7, 'A7', 1),
(8, 'A8', 1),
(9, 'A9', 1),
(10, 'A10', 1),
(11, 'A11', 1),
(12, 'A12', 1),
(13, 'A13', 1),
(14, 'A14', 1),
(15, 'A15', 1),
(16, 'A16', 1),
(17, 'B1', 1),
(18, 'B2', 1),
(19, 'B3', 1),
(20, 'B4', 1),
(21, 'B5', 1),
(22, 'B6', 1),
(23, 'B7', 1),
(24, 'B8', 1),
(25, 'B9', 1),
(26, 'B10', 1),
(27, 'B11', 1),
(28, 'B12', 1),
(29, 'B13', 1),
(30, 'B14', 1),
(31, 'B15', 1),
(32, 'B16', 1),
(33, 'C1', 1),
(34, 'C2', 1),
(35, 'C3', 1),
(36, 'C4', 1),
(37, 'C5', 1),
(38, 'C6', 1),
(39, 'C7', 1),
(40, 'C8', 1),
(41, 'C9', 1),
(42, 'C10', 1),
(43, 'C11', 1),
(44, 'C12', 1),
(45, 'C13', 1),
(46, 'C14', 1),
(47, 'C15', 1),
(48, 'C16', 1),
(49, 'D1', 1),
(50, 'D2', 1),
(51, 'D3', 1),
(52, 'D4', 1),
(53, 'D5', 1),
(54, 'D6', 1),
(55, 'D7', 1),
(56, 'D8', 1),
(57, 'D9', 1),
(58, 'D10', 1),
(59, 'D11', 1),
(60, 'D12', 1),
(61, 'D13', 1),
(62, 'D14', 1),
(63, 'D15', 1),
(64, 'D16', 1),
(65, 'E1', 1),
(66, 'E2', 1),
(67, 'E3', 1),
(68, 'E4', 1),
(69, 'E5', 1),
(70, 'E6', 1),
(71, 'E7', 1),
(72, 'E8', 1),
(73, 'E9', 1),
(74, 'E10', 1),
(75, 'E11', 1),
(76, 'E12', 1),
(77, 'E13', 1),
(78, 'E14', 1),
(79, 'E15', 1),
(80, 'E16', 1),
(81, 'F1', 1),
(82, 'F2', 1),
(83, 'F3', 1),
(84, 'F4', 1),
(85, 'F5', 1),
(86, 'F6', 1),
(87, 'F7', 1),
(88, 'F8', 1),
(89, 'F9', 1),
(90, 'F10', 1),
(91, 'F11', 1),
(92, 'F12', 1),
(93, 'F13', 1),
(94, 'F14', 1),
(95, 'F15', 1),
(96, 'F16', 1),
(97, 'G1', 1),
(98, 'G2', 1),
(99, 'G3', 1),
(100, 'G4', 1),
(101, 'G5', 1),
(102, 'G6', 1),
(103, 'G7', 1),
(104, 'G8', 1),
(105, 'G9', 1),
(106, 'G10', 1),
(107, 'G11', 1),
(108, 'G12', 1),
(109, 'G13', 1),
(110, 'G14', 1),
(111, 'G15', 1),
(112, 'G16', 1),
(113, 'H1', 1),
(114, 'H2', 1),
(115, 'H3', 1),
(116, 'H4', 1),
(117, 'H5', 1),
(118, 'H6', 1),
(119, 'H7', 1),
(120, 'H8', 1),
(121, 'H9', 1),
(122, 'H10', 1),
(123, 'H11', 1),
(124, 'H12', 1),
(125, 'H13', 1),
(126, 'H14', 1),
(127, 'H15', 1),
(128, 'H16', 1),
(129, 'I1', 1),
(130, 'I2', 1),
(131, 'I3', 1),
(132, 'I4', 1),
(133, 'I5', 1),
(134, 'I6', 1),
(135, 'I7', 1),
(136, 'I8', 1),
(137, 'I9', 1),
(138, 'I10', 1),
(139, 'I11', 1),
(140, 'I12', 1),
(141, 'I13', 1),
(142, 'I14', 1),
(143, 'I15', 1),
(144, 'I16', 1),
(145, 'J1', 1),
(146, 'J2', 1),
(147, 'J3', 1),
(148, 'J4', 1),
(149, 'J5', 1),
(150, 'J6', 1),
(151, 'J7', 1),
(152, 'J8', 1),
(153, 'J9', 1),
(154, 'J10', 1),
(155, 'J11', 1),
(156, 'J12', 1),
(157, 'J13', 1),
(158, 'J14', 1),
(159, 'J15', 1),
(160, 'J16', 1);

-- --------------------------------------------------------

--
-- Table structure for table `visitor`
--

CREATE TABLE `visitor` (
  `id_visitor` int(11) NOT NULL,
  `id_type` int(11) DEFAULT NULL,
  `name` varchar(100) DEFAULT NULL
) ENGINE=InnoDB DEFAULT CHARSET=utf8mb4 COLLATE=utf8mb4_general_ci;

--
-- Dumping data for table `visitor`
--

INSERT INTO `visitor` (`id_visitor`, `id_type`, `name`) VALUES
(1, 1, NULL),
(2, 1, NULL),
(3, 1, NULL),
(4, 1, NULL),
(5, 1, NULL),
(6, 1, NULL),
(7, 1, NULL),
(8, 1, NULL),
(9, 1, NULL),
(10, 1, NULL),
(11, 1, NULL),
(12, 1, NULL),
(13, 1, NULL),
(14, 1, NULL),
(15, 1, 'Elvina'),
(16, 1, 'james'),
(17, 1, 'ricardo'),
(18, 1, NULL),
(19, 1, NULL),
(20, 1, NULL),
(21, 1, 'ERNI'),
(22, 1, NULL),
(23, 1, NULL),
(24, 1, NULL),
(25, 1, 'sabrina'),
(26, 1, 'evan'),
(27, 1, 'putriiiiiiii'),
(28, 1, 'monica p'),
(29, 1, 'Joy'),
(30, 1, 'jonathan'),
(31, 1, 'jojo'),
(32, 1, 'Erika'),
(33, 1, 'ble'),
(34, 1, 'pdt ima'),
(35, 1, 'sherly gyta'),
(36, 1, 'jennifer'),
(37, 1, 'Matias'),
(38, 1, 'laura'),
(39, 1, 'Dom'),
(40, 1, 'stelli'),
(41, 1, 'Riris'),
(42, 1, 'nat'),
(43, 1, 'Jhon'),
(44, 1, 'Adit'),
(45, 1, NULL),
(46, 1, 'juan'),
(47, 1, 'richard'),
(48, 1, 'nathanael'),
(49, 1, NULL),
(50, 1, NULL),
(51, 1, NULL),
(52, 1, NULL),
(53, 1, NULL),
(54, 1, 'ricky'),
(55, 1, 'joy'),
(56, 1, NULL),
(57, 1, NULL),
(58, 1, NULL),
(59, 1, 'bella'),
(60, 1, 'Natalie'),
(61, 1, 'jennifer'),
(62, 1, 'darell'),
(63, 1, NULL),
(64, 1, NULL),
(65, 1, NULL),
(66, 1, NULL),
(67, 1, NULL),
(68, 1, NULL),
(69, 1, 'Joy'),
(70, 1, 'Dominic'),
(71, 1, 'odel'),
(72, 1, 'Richard'),
(73, 1, 'ricardo'),
(74, 1, 'tegar alexander'),
(75, 1, 'inggrid'),
(76, 1, 'mon'),
(77, 1, 'sherly  gyta'),
(78, 1, 'jason'),
(79, 1, 'bintang'),
(80, 1, NULL),
(81, 1, NULL),
(82, 1, NULL),
(83, 1, NULL),
(84, 1, 'backup'),
(85, 1, 'Devita T. Prawira'),
(86, 1, NULL),
(87, 1, NULL),
(88, 1, 'nat'),
(89, 1, 'eve'),
(90, 1, 'Riris'),
(91, 1, 'Ricky'),
(92, 1, 'andreas'),
(93, 1, 'andreas'),
(94, 1, 'zefanya'),
(95, 1, 'drama'),
(96, 1, 'jo'),
(97, 1, NULL),
(98, 1, 'sabrina'),
(99, 1, NULL),
(100, 1, 'inggriani'),
(101, 1, 'blessceline'),
(102, 1, 'Stelli '),
(103, 1, 'odel'),
(104, 1, 'CHARLES N'),
(105, 1, 'ADIT'),
(106, 1, 'DARREN'),
(107, 1, 'Ester Zamasi'),
(108, 1, 'dave'),
(109, 1, 'adi'),
(110, 1, 'Eben'),
(111, 1, 'matias'),
(112, 1, 'jo'),
(113, 1, 'adiel'),
(114, 1, 'steffi kristianti'),
(115, 1, 'jess'),
(116, 1, 'ega'),
(117, 1, 'ayu'),
(118, 1, 'rendi'),
(119, 1, 'Mony'),
(120, 1, 'janet'),
(121, 1, NULL),
(122, 1, NULL),
(123, 1, NULL),
(124, 1, NULL),
(125, 1, 'mon'),
(126, 1, 'mon'),
(127, 1, NULL),
(128, 1, 'mon'),
(129, 1, NULL),
(130, 1, NULL),
(131, 1, NULL),
(132, 1, NULL),
(133, 1, NULL),
(134, 1, 'mon'),
(135, 1, NULL),
(136, 1, NULL),
(138, 1, 'Devita T. P.'),
(139, 1, 'panit'),
(140, 1, NULL),
(141, 1, NULL),
(142, 1, 'JOY'),
(143, 1, 'Natasya'),
(144, 1, 'Ricky'),
(145, 1, 'Joy'),
(146, 1, 'Ricky'),
(147, 1, 'Abc'),
(148, 1, 'Jess'),
(149, 1, 'Feo'),
(150, 1, 'Glori'),
(151, 1, NULL),
(152, 1, 'Juan'),
(153, 1, 'Dom'),
(154, 1, 'Jan'),
(155, 1, 'Felix'),
(156, 1, 'Enos'),
(157, 1, 'Devita'),
(158, 1, 'Niki'),
(159, 1, 'Vincent'),
(160, 1, NULL),
(161, 1, 'Lukas'),
(162, 1, 'Matias'),
(163, 1, NULL),
(164, 1, NULL),
(165, 1, NULL),
(166, 1, NULL),
(167, 1, 'Adil'),
(168, 1, 'Jo'),
(169, 1, 'Sabrina'),
(170, 1, 'Steffi kristianti'),
(171, 1, 'Terrance'),
(172, 1, 'William'),
(173, 1, 'James'),
(174, 1, 'Rafael'),
(175, 1, 'Nony'),
(176, 1, 'Nate'),
(177, 1, 'Theo'),
(178, 1, NULL);

-- --------------------------------------------------------

--
-- Table structure for table `visitor_type`
--

CREATE TABLE `visitor_type` (
  `id_type` int(11) NOT NULL,
  `name_type` enum('Anggota Jemaat','Visitor') NOT NULL
) ENGINE=InnoDB DEFAULT CHARSET=utf8mb4 COLLATE=utf8mb4_general_ci;

--
-- Dumping data for table `visitor_type`
--

INSERT INTO `visitor_type` (`id_type`, `name_type`) VALUES
(1, 'Anggota Jemaat'),
(2, 'Visitor');

--
-- Indexes for dumped tables
--

--
-- Indexes for table `dday`
--
ALTER TABLE `dday`
  ADD PRIMARY KEY (`id_day`),
  ADD KEY `id_seat` (`id_seat`),
  ADD KEY `id_visitor` (`id_visitor`);

--
-- Indexes for table `seat`
--
ALTER TABLE `seat`
  ADD PRIMARY KEY (`id_seat`);

--
-- Indexes for table `visitor`
--
ALTER TABLE `visitor`
  ADD PRIMARY KEY (`id_visitor`),
  ADD KEY `id_type` (`id_type`);

--
-- Indexes for table `visitor_type`
--
ALTER TABLE `visitor_type`
  ADD PRIMARY KEY (`id_type`);

--
-- AUTO_INCREMENT for dumped tables
--

--
-- AUTO_INCREMENT for table `dday`
--
ALTER TABLE `dday`
  MODIFY `id_day` int(11) NOT NULL AUTO_INCREMENT, AUTO_INCREMENT=492;

--
-- AUTO_INCREMENT for table `seat`
--
ALTER TABLE `seat`
  MODIFY `id_seat` int(11) NOT NULL AUTO_INCREMENT, AUTO_INCREMENT=161;

--
-- AUTO_INCREMENT for table `visitor`
--
ALTER TABLE `visitor`
  MODIFY `id_visitor` int(11) NOT NULL AUTO_INCREMENT, AUTO_INCREMENT=179;

--
-- AUTO_INCREMENT for table `visitor_type`
--
ALTER TABLE `visitor_type`
  MODIFY `id_type` int(11) NOT NULL AUTO_INCREMENT, AUTO_INCREMENT=3;

--
-- Constraints for dumped tables
--

--
-- Constraints for table `dday`
--
ALTER TABLE `dday`
  ADD CONSTRAINT `dday_ibfk_1` FOREIGN KEY (`id_seat`) REFERENCES `seat` (`id_seat`),
  ADD CONSTRAINT `dday_ibfk_2` FOREIGN KEY (`id_visitor`) REFERENCES `visitor` (`id_visitor`);

--
-- Constraints for table `visitor`
--
ALTER TABLE `visitor`
  ADD CONSTRAINT `visitor_ibfk_1` FOREIGN KEY (`id_type`) REFERENCES `visitor_type` (`id_type`);
COMMIT;

/*!40101 SET CHARACTER_SET_CLIENT=@OLD_CHARACTER_SET_CLIENT */;
/*!40101 SET CHARACTER_SET_RESULTS=@OLD_CHARACTER_SET_RESULTS */;
/*!40101 SET COLLATION_CONNECTION=@OLD_COLLATION_CONNECTION */;
