-- phpMyAdmin SQL Dump
-- version 5.2.1
-- https://www.phpmyadmin.net/
--
-- Host: 127.0.0.1
-- Generation Time: Dec 15, 2025 at 12:12 PM
-- Server version: 10.4.32-MariaDB
-- PHP Version: 8.2.12

SET SQL_MODE = "NO_AUTO_VALUE_ON_ZERO";
START TRANSACTION;
SET time_zone = "+00:00";


/*!40101 SET @OLD_CHARACTER_SET_CLIENT=@@CHARACTER_SET_CLIENT */;
/*!40101 SET @OLD_CHARACTER_SET_RESULTS=@@CHARACTER_SET_RESULTS */;
/*!40101 SET @OLD_COLLATION_CONNECTION=@@COLLATION_CONNECTION */;
/*!40101 SET NAMES utf8mb4 */;

--
-- Database: `adven2025`
--

-- --------------------------------------------------------

--
-- Table structure for table `dday`
--

CREATE TABLE `dday` (
  `id_day` int(11) NOT NULL,
  `id_seat` int(11) NOT NULL,
  `id_visitor` int(11) NOT NULL,
  `record_timestamp` datetime NOT NULL,
  `isDone` tinyint(1) NOT NULL
) ENGINE=InnoDB DEFAULT CHARSET=utf8mb4 COLLATE=utf8mb4_general_ci;

--
-- Dumping data for table `dday`
--

INSERT INTO `dday` (`id_day`, `id_seat`, `id_visitor`, `record_timestamp`, `isDone`) VALUES
(4, 101, 2, '2025-11-29 13:13:06', 1),
(5, 102, 2, '2025-11-29 13:13:06', 1),
(6, 103, 2, '2025-11-29 13:13:06', 1),
(9, 3, 4, '2025-11-29 16:26:20', 1),
(10, 4, 4, '2025-11-29 16:26:20', 1),
(11, 5, 4, '2025-11-29 16:26:20', 1),
(15, 6, 6, '2025-11-29 17:11:48', 1),
(16, 7, 6, '2025-11-29 17:11:48', 1),
(17, 8, 6, '2025-11-29 17:11:48', 1),
(18, 1, 7, '2025-11-29 17:12:24', 0),
(19, 2, 7, '2025-11-29 17:12:24', 0),
(20, 3, 7, '2025-11-29 17:12:24', 0),
(21, 18, 7, '2025-11-29 17:12:24', 0),
(22, 34, 7, '2025-11-29 17:12:24', 0),
(23, 50, 7, '2025-11-29 17:12:24', 0),
(24, 5, 7, '2025-11-29 17:12:24', 0),
(25, 6, 7, '2025-11-29 17:12:24', 0),
(26, 7, 7, '2025-11-29 17:12:24', 0),
(27, 22, 7, '2025-11-29 17:12:24', 0),
(28, 38, 7, '2025-11-29 17:12:24', 0),
(29, 54, 7, '2025-11-29 17:12:24', 0),
(30, 69, 7, '2025-11-29 17:12:24', 0),
(31, 70, 7, '2025-11-29 17:12:24', 0),
(32, 71, 7, '2025-11-29 17:12:24', 0),
(33, 66, 7, '2025-11-29 17:12:24', 0),
(34, 9, 7, '2025-11-29 17:12:24', 0),
(35, 25, 7, '2025-11-29 17:12:24', 0),
(36, 41, 7, '2025-11-29 17:12:24', 0),
(37, 73, 7, '2025-11-29 17:12:24', 0),
(38, 57, 7, '2025-11-29 17:12:24', 0),
(39, 10, 7, '2025-11-29 17:12:24', 0),
(40, 11, 7, '2025-11-29 17:12:24', 0),
(41, 28, 7, '2025-11-29 17:12:24', 0),
(42, 43, 7, '2025-11-29 17:12:24', 0),
(43, 42, 7, '2025-11-29 17:12:24', 0),
(44, 59, 7, '2025-11-29 17:12:24', 0),
(45, 76, 7, '2025-11-29 17:12:24', 0),
(46, 15, 7, '2025-11-29 17:12:24', 0),
(47, 31, 7, '2025-11-29 17:12:24', 0),
(48, 47, 7, '2025-11-29 17:12:24', 0),
(49, 63, 7, '2025-11-29 17:12:24', 0),
(50, 79, 7, '2025-11-29 17:12:24', 0),
(51, 14, 7, '2025-11-29 17:12:24', 0),
(52, 16, 7, '2025-11-29 17:12:24', 0),
(53, 146, 8, '2025-11-29 17:12:48', 0),
(54, 130, 8, '2025-11-29 17:12:48', 0),
(55, 115, 8, '2025-11-29 17:12:48', 0),
(56, 84, 8, '2025-11-29 17:12:48', 0),
(57, 99, 8, '2025-11-29 17:12:48', 0),
(58, 101, 8, '2025-11-29 17:12:48', 0),
(59, 117, 8, '2025-11-29 17:12:48', 0),
(60, 134, 8, '2025-11-29 17:12:48', 0),
(61, 150, 8, '2025-11-29 17:12:48', 0),
(62, 116, 8, '2025-11-29 17:12:48', 0),
(75, 52, 9, '2025-11-29 17:16:26', 0),
(76, 35, 9, '2025-11-29 17:16:26', 0),
(77, 160, 9, '2025-11-29 17:16:26', 0),
(78, 159, 9, '2025-11-29 17:16:26', 0),
(79, 158, 9, '2025-11-29 17:16:26', 0),
(80, 157, 9, '2025-11-29 17:16:26', 0),
(81, 156, 9, '2025-11-29 17:16:26', 0),
(82, 140, 9, '2025-11-29 17:16:26', 0),
(83, 124, 9, '2025-11-29 17:16:26', 0),
(84, 108, 9, '2025-11-29 17:16:26', 0),
(85, 109, 9, '2025-11-29 17:16:26', 0),
(86, 110, 9, '2025-11-29 17:16:26', 0),
(87, 111, 9, '2025-11-29 17:16:26', 0),
(88, 112, 9, '2025-11-29 17:16:26', 0),
(89, 75, 10, '2025-11-29 17:24:54', 0),
(123, 14, 13, '2025-11-30 09:22:04', 1),
(124, 15, 13, '2025-11-30 09:22:04', 1),
(125, 16, 13, '2025-11-30 09:22:04', 1),
(128, 30, 13, '2025-11-30 09:22:04', 1),
(129, 13, 14, '2025-11-30 09:22:45', 1),
(130, 12, 14, '2025-11-30 09:22:45', 1),
(131, 11, 14, '2025-11-30 09:22:45', 1),
(132, 27, 15, '2025-11-30 09:26:44', 1),
(133, 28, 15, '2025-11-30 09:26:44', 1),
(135, 63, 16, '2025-11-30 09:27:22', 1),
(136, 64, 17, '2025-11-30 09:27:43', 1),
(138, 112, 19, '2025-11-30 09:31:30', 1),
(139, 128, 20, '2025-11-30 09:33:30', 1),
(141, 111, 22, '2025-11-30 09:46:58', 1),
(142, 111, 23, '2025-11-30 09:46:58', 1),
(143, 109, 24, '2025-11-30 09:47:28', 1),
(144, 110, 24, '2025-11-30 09:47:28', 1),
(145, 108, 24, '2025-11-30 09:47:28', 1),
(146, 79, 25, '2025-11-30 09:49:41', 1),
(148, 25, 27, '2025-11-30 09:57:06', 1),
(149, 127, 28, '2025-11-30 10:01:31', 1),
(150, 76, 29, '2025-11-30 10:05:32', 1),
(151, 121, 30, '2025-11-30 10:06:00', 1),
(152, 120, 31, '2025-11-30 10:07:30', 1),
(153, 113, 32, '2025-11-30 10:08:57', 1),
(154, 26, 33, '2025-11-30 10:15:00', 1),
(155, 8, 34, '2025-11-30 10:17:46', 1),
(156, 7, 34, '2025-11-30 10:17:46', 1),
(157, 40, 35, '2025-11-30 10:22:41', 1),
(158, 66, 36, '2025-11-30 10:27:18', 1),
(159, 97, 37, '2025-11-30 10:28:23', 1),
(160, 95, 38, '2025-11-30 10:29:05', 1),
(161, 96, 38, '2025-11-30 10:29:05', 1),
(162, 86, 39, '2025-11-30 10:31:41', 1),
(163, 103, 40, '2025-11-30 10:32:23', 1),
(164, 104, 40, '2025-11-30 10:32:23', 1),
(165, 87, 41, '2025-11-30 10:34:19', 1),
(166, 102, 42, '2025-11-30 10:34:31', 1),
(167, 101, 42, '2025-11-30 10:34:31', 1),
(168, 71, 43, '2025-11-30 10:35:10', 1),
(169, 88, 44, '2025-11-30 10:35:37', 1),
(170, 32, 45, '2025-11-30 10:36:14', 1),
(171, 118, 46, '2025-11-30 10:38:18', 1),
(172, 85, 47, '2025-11-30 10:39:49', 1),
(173, 117, 48, '2025-11-30 10:40:22', 1),
(174, 25, 49, '2025-12-06 22:27:58', 0),
(175, 26, 49, '2025-12-06 22:27:58', 0),
(210, 62, 54, '2025-12-07 10:12:32', 1),
(211, 72, 55, '2025-12-07 10:14:28', 1),
(212, 96, 56, '2025-12-07 10:15:27', 1),
(213, 124, 57, '2025-12-07 10:15:41', 1),
(214, 88, 58, '2025-12-07 10:15:50', 1),
(215, 32, 59, '2025-12-07 10:16:02', 1),
(216, 105, 60, '2025-12-07 10:17:02', 1),
(217, 106, 60, '2025-12-07 10:17:02', 1),
(218, 107, 60, '2025-12-07 10:17:02', 1),
(219, 89, 61, '2025-12-07 10:17:56', 1),
(220, 90, 61, '2025-12-07 10:17:56', 1),
(221, 91, 61, '2025-12-07 10:17:56', 1),
(222, 87, 62, '2025-12-07 10:19:16', 1),
(223, 112, 63, '2025-12-07 10:21:47', 1),
(224, 92, 64, '2025-12-07 10:22:20', 1),
(225, 93, 64, '2025-12-07 10:22:20', 1),
(226, 94, 65, '2025-12-07 10:22:44', 1),
(227, 120, 66, '2025-12-07 10:23:13', 1),
(228, 119, 66, '2025-12-07 10:23:13', 1),
(229, 113, 67, '2025-12-07 10:23:34', 1),
(230, 128, 68, '2025-12-07 10:23:47', 1),
(231, 60, 69, '2025-12-07 10:25:18', 1),
(232, 85, 70, '2025-12-07 10:28:10', 1),
(233, 99, 71, '2025-12-07 10:29:21', 1),
(234, 100, 71, '2025-12-07 10:29:21', 1),
(235, 104, 72, '2025-12-07 10:29:55', 1),
(236, 108, 73, '2025-12-07 10:31:35', 1),
(237, 58, 74, '2025-12-07 10:33:24', 1),
(238, 73, 75, '2025-12-07 10:33:56', 1),
(239, 74, 75, '2025-12-07 10:33:56', 1),
(240, 109, 76, '2025-12-07 10:34:26', 1),
(241, 48, 77, '2025-12-07 10:34:52', 1),
(242, 81, 78, '2025-12-07 10:39:23', 1),
(243, 97, 79, '2025-12-07 10:40:14', 1),
(244, 127, 80, '2025-12-07 10:42:28', 1),
(245, 103, 81, '2025-12-07 10:42:52', 1),
(246, 107, 82, '2025-12-11 20:00:43', 0),
(249, 108, 82, '2025-12-11 20:00:43', 0),
(250, 57, 83, '2025-12-11 20:01:19', 0),
(251, 58, 83, '2025-12-11 20:01:19', 0),
(252, 59, 83, '2025-12-11 20:01:19', 0),
(285, 127, 85, '2025-12-14 10:03:02', 1),
(286, 128, 85, '2025-12-14 10:03:02', 1),
(288, 94, 87, '2025-12-14 10:04:23', 1),
(289, 113, 88, '2025-12-14 10:05:28', 1),
(290, 114, 88, '2025-12-14 10:05:28', 1),
(291, 100, 89, '2025-12-14 10:09:15', 1),
(292, 101, 89, '2025-12-14 10:09:15', 1),
(293, 31, 90, '2025-12-14 10:13:30', 1),
(294, 40, 91, '2025-12-14 10:13:41', 1),
(295, 115, 92, '2025-12-14 10:15:03', 1),
(296, 116, 92, '2025-12-14 10:15:03', 1),
(297, 121, 93, '2025-12-14 10:15:27', 1),
(298, 122, 93, '2025-12-14 10:15:27', 1),
(299, 123, 93, '2025-12-14 10:15:27', 1),
(300, 112, 94, '2025-12-14 10:16:12', 1),
(301, 120, 95, '2025-12-14 10:17:34', 1),
(302, 117, 95, '2025-12-14 10:17:34', 1),
(303, 118, 95, '2025-12-14 10:17:34', 1),
(304, 119, 95, '2025-12-14 10:17:34', 1),
(305, 97, 96, '2025-12-14 10:17:51', 1),
(306, 48, 97, '2025-12-14 10:18:13', 1),
(307, 63, 98, '2025-12-14 10:20:07', 1),
(308, 126, 99, '2025-12-14 10:21:48', 1),
(309, 96, 100, '2025-12-14 10:23:59', 1),
(310, 111, 101, '2025-12-14 10:24:18', 1),
(311, 103, 102, '2025-12-14 10:24:31', 1),
(312, 104, 102, '2025-12-14 10:24:31', 1),
(313, 65, 103, '2025-12-14 10:25:13', 1),
(314, 66, 103, '2025-12-14 10:25:13', 1),
(315, 57, 104, '2025-12-14 10:27:40', 1),
(317, 98, 106, '2025-12-14 10:29:16', 1),
(318, 105, 107, '2025-12-14 10:30:46', 1),
(319, 70, 108, '2025-12-14 10:31:16', 1),
(320, 79, 109, '2025-12-14 10:31:28', 1),
(321, 108, 110, '2025-12-14 10:31:31', 1),
(322, 109, 110, '2025-12-14 10:31:31', 1),
(323, 110, 111, '2025-12-14 10:32:02', 1),
(324, 81, 112, '2025-12-14 10:32:34', 1),
(325, 49, 113, '2025-12-14 10:33:04', 1),
(326, 89, 114, '2025-12-14 10:35:21', 1),
(327, 124, 115, '2025-12-14 10:38:52', 1),
(328, 125, 115, '2025-12-14 10:38:52', 1),
(329, 80, 116, '2025-12-14 10:39:32', 1),
(330, 88, 117, '2025-12-14 10:39:48', 1),
(331, 83, 118, '2025-12-14 10:40:28', 1),
(332, 95, 119, '2025-12-14 10:40:51', 1),
(333, 71, 120, '2025-12-14 10:41:17', 1),
(334, 72, 120, '2025-12-14 10:41:17', 1);

-- --------------------------------------------------------

--
-- Table structure for table `seat`
--

CREATE TABLE `seat` (
  `id_seat` int(11) NOT NULL,
  `seat_name` varchar(50) NOT NULL
) ENGINE=InnoDB DEFAULT CHARSET=utf8mb4 COLLATE=utf8mb4_general_ci;

--
-- Dumping data for table `seat`
--

INSERT INTO `seat` (`id_seat`, `seat_name`) VALUES
(1, 'A1'),
(2, 'A2'),
(3, 'A3'),
(4, 'A4'),
(5, 'A5'),
(6, 'A6'),
(7, 'A7'),
(8, 'A8'),
(9, 'A9'),
(10, 'A10'),
(11, 'A11'),
(12, 'A12'),
(13, 'A13'),
(14, 'A14'),
(15, 'A15'),
(16, 'A16'),
(17, 'B1'),
(18, 'B2'),
(19, 'B3'),
(20, 'B4'),
(21, 'B5'),
(22, 'B6'),
(23, 'B7'),
(24, 'B8'),
(25, 'B9'),
(26, 'B10'),
(27, 'B11'),
(28, 'B12'),
(29, 'B13'),
(30, 'B14'),
(31, 'B15'),
(32, 'B16'),
(33, 'C1'),
(34, 'C2'),
(35, 'C3'),
(36, 'C4'),
(37, 'C5'),
(38, 'C6'),
(39, 'C7'),
(40, 'C8'),
(41, 'C9'),
(42, 'C10'),
(43, 'C11'),
(44, 'C12'),
(45, 'C13'),
(46, 'C14'),
(47, 'C15'),
(48, 'C16'),
(49, 'D1'),
(50, 'D2'),
(51, 'D3'),
(52, 'D4'),
(53, 'D5'),
(54, 'D6'),
(55, 'D7'),
(56, 'D8'),
(57, 'D9'),
(58, 'D10'),
(59, 'D11'),
(60, 'D12'),
(61, 'D13'),
(62, 'D14'),
(63, 'D15'),
(64, 'D16'),
(65, 'E1'),
(66, 'E2'),
(67, 'E3'),
(68, 'E4'),
(69, 'E5'),
(70, 'E6'),
(71, 'E7'),
(72, 'E8'),
(73, 'E9'),
(74, 'E10'),
(75, 'E11'),
(76, 'E12'),
(77, 'E13'),
(78, 'E14'),
(79, 'E15'),
(80, 'E16'),
(81, 'F1'),
(82, 'F2'),
(83, 'F3'),
(84, 'F4'),
(85, 'F5'),
(86, 'F6'),
(87, 'F7'),
(88, 'F8'),
(89, 'F9'),
(90, 'F10'),
(91, 'F11'),
(92, 'F12'),
(93, 'F13'),
(94, 'F14'),
(95, 'F15'),
(96, 'F16'),
(97, 'G1'),
(98, 'G2'),
(99, 'G3'),
(100, 'G4'),
(101, 'G5'),
(102, 'G6'),
(103, 'G7'),
(104, 'G8'),
(105, 'G9'),
(106, 'G10'),
(107, 'G11'),
(108, 'G12'),
(109, 'G13'),
(110, 'G14'),
(111, 'G15'),
(112, 'G16'),
(113, 'H1'),
(114, 'H2'),
(115, 'H3'),
(116, 'H4'),
(117, 'H5'),
(118, 'H6'),
(119, 'H7'),
(120, 'H8'),
(121, 'H9'),
(122, 'H10'),
(123, 'H11'),
(124, 'H12'),
(125, 'H13'),
(126, 'H14'),
(127, 'H15'),
(128, 'H16'),
(129, 'I1'),
(130, 'I2'),
(131, 'I3'),
(132, 'I4'),
(133, 'I5'),
(134, 'I6'),
(135, 'I7'),
(136, 'I8'),
(137, 'I9'),
(138, 'I10'),
(139, 'I11'),
(140, 'I12'),
(141, 'I13'),
(142, 'I14'),
(143, 'I15'),
(144, 'I16'),
(145, 'J1'),
(146, 'J2'),
(147, 'J3'),
(148, 'J4'),
(149, 'J5'),
(150, 'J6'),
(151, 'J7'),
(152, 'J8'),
(153, 'J9'),
(154, 'J10'),
(155, 'J11'),
(156, 'J12'),
(157, 'J13'),
(158, 'J14'),
(159, 'J15'),
(160, 'J16');

-- --------------------------------------------------------

--
-- Table structure for table `visitor`
--

CREATE TABLE `visitor` (
  `id_visitor` int(11) NOT NULL,
  `id_type` int(11) DEFAULT NULL,
  `name` varchar(100) DEFAULT NULL
) ENGINE=InnoDB DEFAULT CHARSET=utf8mb4 COLLATE=utf8mb4_general_ci;

--
-- Dumping data for table `visitor`
--

INSERT INTO `visitor` (`id_visitor`, `id_type`, `name`) VALUES
(1, 1, NULL),
(2, 1, NULL),
(3, 1, NULL),
(4, 1, NULL),
(5, 1, NULL),
(6, 1, NULL),
(7, 1, NULL),
(8, 1, NULL),
(9, 1, NULL),
(10, 1, NULL),
(11, 1, NULL),
(12, 1, NULL),
(13, 1, NULL),
(14, 1, NULL),
(15, 1, 'Elvina'),
(16, 1, 'james'),
(17, 1, 'ricardo'),
(18, 1, NULL),
(19, 1, NULL),
(20, 1, NULL),
(21, 1, 'ERNI'),
(22, 1, NULL),
(23, 1, NULL),
(24, 1, NULL),
(25, 1, 'sabrina'),
(26, 1, 'evan'),
(27, 1, 'putriiiiiiii'),
(28, 1, 'monica p'),
(29, 1, 'Joy'),
(30, 1, 'jonathan'),
(31, 1, 'jojo'),
(32, 1, 'Erika'),
(33, 1, 'ble'),
(34, 1, 'pdt ima'),
(35, 1, 'sherly gyta'),
(36, 1, 'jennifer'),
(37, 1, 'Matias'),
(38, 1, 'laura'),
(39, 1, 'Dom'),
(40, 1, 'stelli'),
(41, 1, 'Riris'),
(42, 1, 'nat'),
(43, 1, 'Jhon'),
(44, 1, 'Adit'),
(45, 1, NULL),
(46, 1, 'juan'),
(47, 1, 'richard'),
(48, 1, 'nathanael'),
(49, 1, NULL),
(50, 1, NULL),
(51, 1, NULL),
(52, 1, NULL),
(53, 1, NULL),
(54, 1, 'ricky'),
(55, 1, 'joy'),
(56, 1, NULL),
(57, 1, NULL),
(58, 1, NULL),
(59, 1, 'bella'),
(60, 1, 'Natalie'),
(61, 1, 'jennifer'),
(62, 1, 'darell'),
(63, 1, NULL),
(64, 1, NULL),
(65, 1, NULL),
(66, 1, NULL),
(67, 1, NULL),
(68, 1, NULL),
(69, 1, 'Joy'),
(70, 1, 'Dominic'),
(71, 1, 'odel'),
(72, 1, 'Richard'),
(73, 1, 'ricardo'),
(74, 1, 'tegar alexander'),
(75, 1, 'inggrid'),
(76, 1, 'mon'),
(77, 1, 'sherly  gyta'),
(78, 1, 'jason'),
(79, 1, 'bintang'),
(80, 1, NULL),
(81, 1, NULL),
(82, 1, NULL),
(83, 1, NULL),
(84, 1, 'backup'),
(85, 1, 'Devita T. Prawira'),
(86, 1, NULL),
(87, 1, NULL),
(88, 1, 'nat'),
(89, 1, 'eve'),
(90, 1, 'Riris'),
(91, 1, 'Ricky'),
(92, 1, 'andreas'),
(93, 1, 'andreas'),
(94, 1, 'zefanya'),
(95, 1, 'drama'),
(96, 1, 'jo'),
(97, 1, NULL),
(98, 1, 'sabrina'),
(99, 1, NULL),
(100, 1, 'inggriani'),
(101, 1, 'blessceline'),
(102, 1, 'Stelli '),
(103, 1, 'odel'),
(104, 1, 'CHARLES N'),
(105, 1, 'ADIT'),
(106, 1, 'DARREN'),
(107, 1, 'Ester Zamasi'),
(108, 1, 'dave'),
(109, 1, 'adi'),
(110, 1, 'Eben'),
(111, 1, 'matias'),
(112, 1, 'jo'),
(113, 1, 'adiel'),
(114, 1, 'steffi kristianti'),
(115, 1, 'jess'),
(116, 1, 'ega'),
(117, 1, 'ayu'),
(118, 1, 'rendi'),
(119, 1, 'Mony'),
(120, 1, 'janet'),
(121, 1, NULL);

-- --------------------------------------------------------

--
-- Table structure for table `visitor_type`
--

CREATE TABLE `visitor_type` (
  `id_type` int(11) NOT NULL,
  `name_type` enum('Anggota Jemaat','Visitor') NOT NULL
) ENGINE=InnoDB DEFAULT CHARSET=utf8mb4 COLLATE=utf8mb4_general_ci;

--
-- Dumping data for table `visitor_type`
--

INSERT INTO `visitor_type` (`id_type`, `name_type`) VALUES
(1, 'Anggota Jemaat'),
(2, 'Visitor');

--
-- Indexes for dumped tables
--

--
-- Indexes for table `dday`
--
ALTER TABLE `dday`
  ADD PRIMARY KEY (`id_day`),
  ADD KEY `id_seat` (`id_seat`),
  ADD KEY `id_visitor` (`id_visitor`);

--
-- Indexes for table `seat`
--
ALTER TABLE `seat`
  ADD PRIMARY KEY (`id_seat`);

--
-- Indexes for table `visitor`
--
ALTER TABLE `visitor`
  ADD PRIMARY KEY (`id_visitor`),
  ADD KEY `id_type` (`id_type`);

--
-- Indexes for table `visitor_type`
--
ALTER TABLE `visitor_type`
  ADD PRIMARY KEY (`id_type`);

--
-- AUTO_INCREMENT for dumped tables
--

--
-- AUTO_INCREMENT for table `dday`
--
ALTER TABLE `dday`
  MODIFY `id_day` int(11) NOT NULL AUTO_INCREMENT, AUTO_INCREMENT=336;

--
-- AUTO_INCREMENT for table `seat`
--
ALTER TABLE `seat`
  MODIFY `id_seat` int(11) NOT NULL AUTO_INCREMENT, AUTO_INCREMENT=161;

--
-- AUTO_INCREMENT for table `visitor`
--
ALTER TABLE `visitor`
  MODIFY `id_visitor` int(11) NOT NULL AUTO_INCREMENT, AUTO_INCREMENT=122;

--
-- AUTO_INCREMENT for table `visitor_type`
--
ALTER TABLE `visitor_type`
  MODIFY `id_type` int(11) NOT NULL AUTO_INCREMENT, AUTO_INCREMENT=3;

--
-- Constraints for dumped tables
--

--
-- Constraints for table `dday`
--
ALTER TABLE `dday`
  ADD CONSTRAINT `dday_ibfk_1` FOREIGN KEY (`id_seat`) REFERENCES `seat` (`id_seat`),
  ADD CONSTRAINT `dday_ibfk_2` FOREIGN KEY (`id_visitor`) REFERENCES `visitor` (`id_visitor`);

--
-- Constraints for table `visitor`
--
ALTER TABLE `visitor`
  ADD CONSTRAINT `visitor_ibfk_1` FOREIGN KEY (`id_type`) REFERENCES `visitor_type` (`id_type`);
COMMIT;

/*!40101 SET CHARACTER_SET_CLIENT=@OLD_CHARACTER_SET_CLIENT */;
/*!40101 SET CHARACTER_SET_RESULTS=@OLD_CHARACTER_SET_RESULTS */;
/*!40101 SET COLLATION_CONNECTION=@OLD_COLLATION_CONNECTION */;
